id,data,texto,sentimento
0,2020-01-01,Bitcoin atinge novo recorde histórico! #Bitcoin #Cripto,positivo
1,2020-01-02,Ethereum está revolucionando o mercado de contratos inteligentes.,positivo
2,2020-01-03,Cardano e Polkadot são as criptomoedas mais promissoras do ano.,positivo
3,2020-01-04,"Investir em criptomoedas pode ser arriscado, mas também muito lucrativo.",positivo
4,2020-01-05,A adoção de Bitcoin como moeda legal em países emergentes está crescendo.,positivo
5,2020-01-06,Stablecoins oferecem uma alternativa menos volátil para investidores.,positivo
6,2020-01-07,O lançamento do Ethereum 2.0 promete melhorar a escalabilidade da rede.,positivo
7,2020-01-08,Grandes empresas começam a aceitar pagamentos em Bitcoin.,positivo
8,2020-01-09,Criptoativos são a nova fronteira da inovação financeira.,positivo
9,2020-01-10,Investidores institucionais estão começando a entrar no mercado de criptos.,positivo
10,2020-01-11,Bitcoin pode chegar a valer mais de 100 mil dólares nos próximos anos.,positivo
11,2020-01-12,Criptomoedas estão mudando a forma como vemos o dinheiro.,positivo
12,2020-01-13,É possível ganhar dinheiro com criptomoedas?,positivo
13,2020-01-14,Blockchain pode revolucionar diversos setores além das criptomoedas.,positivo
14,2020-01-15,O interesse em criptomoedas está crescendo entre jovens investidores.,positivo
15,2020-01-16,Muitos acreditam que o Bitcoin é o ouro digital.,positivo
16,2020-01-17,A aceitação de Bitcoin por empresas está se tornando mais comum.,positivo
17,2020-01-18,Novas tecnologias blockchain estão sendo desenvolvidas para melhorar a eficiência.,positivo
18,2020-01-19,O mercado de criptomoedas está amadurecendo rapidamente.,positivo
19,2020-01-20,Mais países estão considerando legalizar o uso de criptomoedas.,positivo
20,2020-01-21,Investidores que acreditam em Bitcoin estão vendo retornos significativos.,positivo
21,2020-01-22,Criptomoedas oferecem uma nova forma de liberdade financeira.,positivo
22,2020-01-23,A blockchain está trazendo transparência para vários setores.,positivo
23,2020-01-24,Investir em criptoativos pode ser uma excelente estratégia de longo prazo.,positivo
24,2020-01-25,O aumento da adoção de criptomoedas está impulsionando o mercado.,positivo
25,2020-01-26,Criptoativos estão sendo vistos como uma nova classe de ativos.,positivo
26,2020-01-27,O Bitcoin é considerado uma proteção contra a inflação.,positivo
27,2020-01-28,Empresas de tecnologia estão investindo pesado em blockchain.,positivo
28,2020-01-29,O futuro das finanças pode estar na descentralização das criptomoedas.,positivo
29,2020-01-30,"O mercado cripto está cada vez mais regulamentado, o que traz segurança.",positivo
30,2020-01-31,Bitcoin está sendo utilizado como reserva de valor em muitos países.,positivo
31,2020-02-01,A infraestrutura de criptomoedas está se expandindo globalmente.,positivo
32,2020-02-02,O desenvolvimento de novas criptomoedas está impulsionando a inovação.,positivo
33,2020-02-03,Muitas pessoas estão mudando suas vidas com investimentos em cripto.,positivo
34,2020-02-04,A adoção institucional de criptomoedas está acelerando.,positivo
35,2020-02-05,A volatilidade do mercado cripto cria oportunidades lucrativas.,positivo
36,2020-02-06,O mercado de NFTs está criando novas oportunidades para artistas.,positivo
37,2020-02-07,Os contratos inteligentes do Ethereum estão mudando a forma de fazer negócios.,positivo
38,2020-02-08,As criptomoedas podem democratizar o acesso ao sistema financeiro.,positivo
39,2020-02-09,Criptoativos são a próxima grande inovação no mercado financeiro.,positivo
40,2020-02-10,Investidores de longo prazo estão otimistas com o futuro do Bitcoin.,positivo
41,2020-02-11,A blockchain pode resolver muitos problemas de confiança no mercado.,positivo
42,2020-02-12,A escalabilidade das criptomoedas está melhorando com novas soluções.,positivo
43,2020-02-13,Criptoativos oferecem diversificação em portfólios de investimento.,positivo
44,2020-02-14,Muitos especialistas acreditam no potencial de valorização do Bitcoin.,positivo
45,2020-02-15,As criptomoedas oferecem alternativas ao sistema bancário tradicional.,positivo
46,2020-02-16,Os avanços na tecnologia blockchain estão criando novos mercados.,positivo
47,2020-02-17,O uso de criptomoedas está crescendo exponencialmente.,positivo
48,2020-02-18,A inovação no mercado cripto está apenas começando.,positivo
49,2020-02-19,Criptomoedas estão redefinindo o conceito de dinheiro.,positivo
50,2020-02-20,A volatilidade das criptomoedas está assustando os investidores.,negativo
51,2020-02-21,Hackers roubam milhões em criptoativos de exchange descentralizada.,negativo
52,2020-02-22,Muitos ainda desconfiam da segurança das criptomoedas.,negativo
53,2020-02-23,A mineração de criptomoedas consome muita energia elétrica.,negativo
54,2020-02-24,Reguladores estão de olho nas exchanges de criptomoedas.,negativo
55,2020-02-25,O mercado de criptomoedas é extremamente volátil.,negativo
56,2020-02-26,Muitos especialistas acreditam que o Bitcoin é uma bolha.,negativo
57,2020-02-27,O futuro das criptomoedas depende de regulamentações claras.,negativo
58,2020-02-28,Criptomoedas são usadas para lavagem de dinheiro?,negativo
59,2020-02-29,A volatilidade do Bitcoin é uma faca de dois gumes.,negativo
60,2020-03-01,A regulamentação pode sufocar o crescimento das criptomoedas.,negativo
61,2020-03-02,Alguns países estão banindo o uso de criptomoedas.,negativo
62,2020-03-03,Os investidores estão preocupados com as quedas recentes das criptomoedas.,negativo
63,2020-03-04,O uso ilícito de criptomoedas está aumentando.,negativo
64,2020-03-05,A adoção de criptomoedas está enfrentando resistência em muitos setores.,negativo
65,2020-03-06,Hackers continuam a explorar vulnerabilidades em exchanges de cripto.,negativo
66,2020-03-07,A segurança das criptomoedas continua a ser uma preocupação.,negativo
67,2020-03-08,A falta de regulamentação clara está afastando investidores tradicionais.,negativo
68,2020-03-09,As quedas acentuadas do Bitcoin estão causando pânico no mercado.,negativo
69,2020-03-10,Muitos investidores perderam dinheiro com a queda das criptomoedas.,negativo
70,2020-03-11,A mineração de criptomoedas está enfrentando críticas ambientais.,negativo
71,2020-03-12,O mercado cripto é alvo constante de ataques cibernéticos.,negativo
72,2020-03-13,A volatilidade das criptomoedas pode causar grandes perdas.,negativo
73,2020-03-14,Os críticos dizem que as criptomoedas são uma moda passageira.,negativo
74,2020-03-15,O risco de fraude em transações cripto é alto.,negativo
75,2020-03-16,Criptomoedas podem ser usadas para atividades ilícitas.,negativo
76,2020-03-17,A regulação estrita pode dificultar a inovação no setor cripto.,negativo
77,2020-03-18,Alguns bancos estão se recusando a aceitar criptomoedas.,negativo
78,2020-03-19,A instabilidade do mercado cripto é um grande desafio.,negativo
79,2020-03-20,A adoção em massa de criptomoedas pode ser lenta e difícil.,negativo
80,2020-03-21,Muitos acreditam que o mercado cripto é uma bolha prestes a estourar.,negativo
81,2020-03-22,A falta de proteção ao consumidor no mercado cripto é preocupante.,negativo
82,2020-03-23,Os escândalos em exchanges cripto estão afetando a confiança dos investidores.,negativo
83,2020-03-24,A resistência dos governos às criptomoedas pode ser um obstáculo.,negativo
84,2020-03-25,A adoção de criptomoedas está sendo barrada por problemas regulatórios.,negativo
85,2020-03-26,O mercado cripto é conhecido por suas grandes oscilações de preço.,negativo
86,2020-03-27,Hackers estão roubando bilhões em criptoativos.,negativo
87,2020-03-28,O uso de criptomoedas em atividades criminosas está aumentando.,negativo
88,2020-03-29,A instabilidade das criptomoedas é um problema constante.,negativo
89,2020-03-30,Os reguladores estão pressionando por maior controle sobre o mercado cripto.,negativo
90,2020-03-31,A mineração de Bitcoin está enfrentando dificuldades devido ao alto consumo de energia.,negativo
91,2020-04-01,A incerteza regulatória está afastando grandes investidores das criptomoedas.,negativo
92,2020-04-02,O uso de criptomoedas em esquemas fraudulentos está em alta.,negativo
93,2020-04-03,As perdas no mercado cripto estão causando preocupações entre investidores.,negativo
94,2020-04-04,Muitos veem as criptomoedas como uma aposta arriscada.,negativo
95,2020-04-05,O medo de perder dinheiro está impedindo a adoção de criptomoedas.,negativo
96,2020-04-06,A falta de infraestrutura adequada está dificultando o crescimento das criptomoedas.,negativo
97,2020-04-07,As criptomoedas ainda são vistas com desconfiança por muitos.,negativo
98,2020-04-08,Regulamentações para criptomoedas estão sendo discutidas globalmente.,neutro
99,2020-04-09,Governos consideram a criação de suas próprias moedas digitais.,neutro
100,2020-04-10,A blockchain pode ser usada para mais do que apenas criptomoedas.,neutro
101,2020-04-11,Como proteger suas criptomoedas de hackers e fraudes?,neutro
102,2020-04-12,A mineração de criptomoedas é um tópico em debate.,neutro
103,2020-04-13,A tecnologia blockchain está sendo explorada em vários setores.,neutro
104,2020-04-14,Os investidores estão atentos às mudanças no mercado de criptomoedas.,neutro
105,2020-04-15,"O futuro das criptomoedas é incerto, mas promissor.",neutro
106,2020-04-16,"As criptomoedas estão ganhando espaço, mas ainda enfrentam desafios.",neutro
107,2020-04-17,A regulamentação do mercado cripto é inevitável.,neutro
108,2020-04-18,"O interesse por NFTs está crescendo, mas com cautela.",neutro
109,2020-04-19,A volatilidade das criptomoedas é um fato conhecido.,neutro
110,2020-04-20,"A adoção de criptomoedas está em ascensão, apesar dos desafios.",neutro
111,2020-04-21,As stablecoins estão ganhando popularidade como alternativa às criptomoedas voláteis.,neutro
112,2020-04-22,O mercado cripto é dinâmico e está em constante evolução.,neutro
113,2020-04-23,A blockchain é a tecnologia subjacente às criptomoedas.,neutro
114,2020-04-24,A regulação do mercado cripto ainda está em fase inicial.,neutro
115,2020-04-25,A adoção de criptomoedas varia amplamente entre os países.,neutro
116,2020-04-26,O uso de criptomoedas está se expandindo para além do investimento.,neutro
117,2020-04-27,A mineração de criptomoedas é uma atividade global.,neutro
118,2020-04-28,"As criptomoedas estão criando novas oportunidades, mas também riscos.",neutro
119,2020-04-29,A tecnologia blockchain está sendo adotada em diferentes indústrias.,neutro
120,2020-04-30,As exchanges de criptomoedas estão evoluindo para se adequar às regulamentações.,neutro
121,2020-05-01,"O uso de criptomoedas está crescendo, mas ainda é limitado.",neutro
122,2020-05-02,A educação financeira sobre criptomoedas é fundamental para a adoção.,neutro
123,2020-05-03,A aceitação de criptomoedas como pagamento está aumentando lentamente.,neutro
124,2020-05-04,A volatilidade é uma característica intrínseca das criptomoedas.,neutro
125,2020-05-05,O impacto ambiental da mineração de criptomoedas é uma preocupação crescente.,neutro
126,2020-05-06,A infraestrutura de suporte a criptomoedas está se desenvolvendo.,neutro
127,2020-05-07,As criptomoedas estão se tornando parte do mercado financeiro tradicional.,neutro
128,2020-05-08,A adoção de criptomoedas está impulsionando o desenvolvimento de novas tecnologias.,neutro
129,2020-05-09,O mercado cripto está em transformação constante.,neutro
130,2020-05-10,A blockchain oferece uma forma segura de registrar transações.,neutro
131,2020-05-11,O mercado de NFTs é uma nova fronteira para colecionadores e criadores.,neutro
132,2020-05-12,A evolução das criptomoedas depende de inovações tecnológicas contínuas.,neutro
133,2020-05-13,"A popularidade das criptomoedas está aumentando, mas com desafios.",neutro
134,2020-05-14,A tecnologia por trás das criptomoedas está sendo aprimorada.,neutro
135,2020-05-15,"O mercado cripto é relativamente jovem, mas está crescendo.",neutro
136,2020-05-16,A aceitação global das criptomoedas ainda enfrenta obstáculos.,neutro
137,2020-05-17,O desenvolvimento de criptomoedas está avançando rapidamente.,neutro
